%u2013, *decima, /inf, /rs, \"", abadiania, abaete, abare, aberto, abre, acailandia, acajutiba, acara, acarape, acari, acervo, acervos, acidente, acidentes, aco, acoes, acompanhamento, acopiara, acordao, acordaos, acre, acrelandia, acreuna, acu, acucar, acucena, adamantina, adjunta, adjunto, administracao, administrativa, administrativas, administrativo, administrativos, admissibilidade, adocao, adolescencia, adolescente, adolescentes, advogado, aeroporto, aespi, afins, afranio, agilizacao, agraria, agrarios, agravos, agregada, agrestina, agua, aguai, aguarda, agudo, agudo/rs, agudos, aimores, aires/rs, ajuizamento, alagoa, alagoas, alagoinha, alcantara, alcobaca, aldeia, alegrete/rs, alem, alemao, alexandria, alexania, alferes, alhandra, alianca, alienacoes, almas, almirante, alpinopolis, alt, alta, alta floresta, alta vara, alta/rs, altern, alternativas, altinopolis, alto alegre, alto araguaia, alto garcas, alto j, alto longa, alto paraiso, alto parana, alto parnaiba, alto petropolis, alto piquiri, alto rio, alto santo, alto taquari, alto vara, altonia, altos, alvinopolis, alvorada/rs, amambai, amapari, amaraji, amargosa, amaro, amatura, ambientais, ambiental, ambiental/materia, ambiente, americano, amontada, ampere, ana, anadia, anage, anajatuba, analise, anama, ananas, ananindeua, anapolis, anapu, anaua, anaurilandia, anchieta, andarai, andradas, andrade, andre, anexo, anexos, angelica, angelim, angical, angicos, anhanguera, anicuns, antiga, ao grau, aos, apenados, apenados/processados, aperibe, apiacas, apiai, apoio, apontamentos, aposentadoria, aposentadoria:, aprazivel, apuracao, aquidauana, aquiraz, aracagi, aracaju/se, araci, aracruz, aracu, aracuai, araguacu, araguaina/to, araguatins, araioses, arame, arapiraca, arapiraca/al, arapoema, araputanga, araquari, arara, araras, arari, araripina, araruna, aras, araucaria, arbitragem, arbitrais, arcos, arcoverde, area, areado, areal, areia, areia/rs, arenapolis, arinos, aripuana, ariquemes/ro, armas, armazem, aroazes, aroeiras, arquipelago, arquivamento, arquivistica, arquivistico, arquivo, arquivos, arrabida, arraias, arranjo, artes, aruana, aruja, arvorezinha/rs, asa, asces, ascurra, ass, assai, assare, assessoramento, assessoria, assis/rs, assistencia, assistentes, associacao, assuntos, astorga, atalaia, atencao, atendimento, atermacao, ativa, atividade, atividades, ativos, atos, atualizacao, audiencia, audiencias, audio, audit, auditoria, augustinopolis, aurelino, aurilandia, ausencia, ausencias, autarquias, autos, autuacao, auxiliar, auxiliares, auxilio, av, avaliacao, avaliador, avaliadores, avancada, avancado, axixa, azul, bage/rs, baiano, baianopolis, bairro, baixa grande, baixo guandu, balcao, balsas, banabuiu, bananal, bananeiras, bancaria, bancario, banco, bangu, barao, barauna, barbacena, barbalha, barbosa/rs, barcelos, bariri, barra bonita, barra funda, barra j, barra mansa, barra vara, barra velha, barracao, barragem, barras, barreira, barreirinha, barreirinhas, barreiro, barreiros, barro, barroquinha, barueri, bataguassu, bataipora, batalha, bataypora, bauru, bebedouro, beberibe, belas, belem, belford, belos, beltrao, bem, beneditinos, benjamin, bens, bento, bequimao, betania, bezerros, biblioteca, bicaco/rs, bicas, biguacu, birigui, blumenau, boa centro, boa esperanca, boa juizo, boa nova, boa plantao, boa primeira, boa segunda, boa viagem, boa vista, boas, boca, bocaiuva, bodoco, bois, bom conselho, bom despacho, bom jardim, bom jesus, bom jesus/rs, bom retiro, bom sucesso, bom/rs, bonanca, bonfinopolis, bonita, bonito, bonito/rs, boqueirao, boquira, borborema, borda, botelhos, braganca, branca, branca/pb, branco, brasiliense, brasnorte, brazlandia, brejao, brejinhos, breves, brodowski, brusque, buenopolis, buenos, bugres, buique, bujari, buri, buritama, buriticupu, butanta, butia/rs, buzios, c/, caapiranga, caapora, caarapo, cabaceiras, cabedelo, cabo, cabreuva, cabrobo, cacau, cacequi/rs, cachoeirinha/rs, cachoeiro, cacimba, cacimbinhas, caconde, cacu, cacule, cadastramento, cadastro, caetes, caetite, cafelandia, cai/rs, caiaponia, caicara, caieiras, cajazeiras/pb, cajuru, calcoene, calculo, camacho, camamu, camapua, camaqua, camaqua/rs, camara/rs, camaras, cambe, cambuca, cambuci, cambui, cambuquira, cameta, camocim, campanha, campestre, campinapolis, campinorte, campos altos, campos belos, campos cooper, campos filho, campos gerais, campos juizo, campos junior, campos novos, campos sales, cananeia, canapolis, canarana, canavieiras, candelaria/rs, candidatura, canedo, canela/rs, canguaretama, cangucu/rs, canhotinho, canoa, canoa/rs, canoas, canoas/rs, cansancao, cantagalo, capibaribe, capinopolis, capinzal, capistrano, capital, capitao, capivari, capixaba, capoeiras, caracarai, caracol, caraguatatuba, carajas, carangola, carapebus/quissama, carapicuiba, caratinga, carauari, caraubas, caravelas, carazinho/rs, carcerario, careiro, caridade, carinhanha, carire, cariri, carius, carmopolis, carnaiba, carnaubal, carta, cartas, cartorio, caruaru, caruaru/pe, carutapera, casal, casca/rs, cascalheira, castilhos/rs, catanduvas, catarinense, catende, catu, catuipe/rs, caum, causas, ccdf, cdhu, ce, cedral, cedro, ceilandia, ceja, cejai, cejusc grau, cejusc2, cejuscon, celeste, centenario, centr, central, centrase, centro, centros, ceo, cepema, cercado, cerejeiras, ceres, cerro, cert, certidoes, cgj, cha, chapeco, chapeu, charqueadas/rs, chateaubriand, chaval, choca, chorozinho, chorrocho, cianorte, cic, cidadania, cidadao, cidade, cij, cipo, circunscricao, civel, civel/consumidor, civel/criminal, civel/familia, cjm, claras, claro, claros, classe, classificacao, clevelandia, coaraci, coari, cobra, cocais, cocos, codo, coite, colatina, colegiado, colegio, coletivas, coletivo, coletivos, colider, colina, colmeia, colniza, colonia, coman, comarca, combate, comerciais, comercial, comissao, comissariado, comodoro, compartilhada, compaz, competencia, composicao, comum, comunicacao, comunitaria, comuns, con, concentrada, conchal, conchas, conciliacao, conciliacoes, conciliador, concordata, concordatas, condado, condeuba, conflit, conflito, conflitos, congonhinhas, conhecimento, conjunta, conjunto, conquista, conselho, consensuais, consensual, consta, constantina/rs, constitucionais, consumerista, consumidor, consumo, contador, contador/partidor, contadores, contadoria, contagem, contas, continente, contra, controle, conv, conversao, convocada, convocado, cooperacao, coordenacao, coordenador, coordenadoria, coqueiros, coracao, coracoes, corbelia, corda, cordeiropolis, coremas, coribe, cornelio, coroa, coroas/rs, coroata, coromandel, correcional, corregedor, corregedoria, corregos, correicao, corrente, correntes, correntina, corte, cortes, corumbaiba, cotegipe, couce, coxim, cpe, cr, crateus, cravinhos, cri, crianca, criancas, criciuma, criciuma/sc, crime, crimes, criminais, criminal, criminosa, criminosas, crissiumal/rs, cristalandia, cristino, cristo, crixas, crp, cruz/rs, cruzes, cruzeta, cubas, cubatao, cuite, cumaru, cumprimento, cumulativa, cunha/rs, cunhas, cupira, curaca, curimata, curiuva, curu, cururupu, custas, custodia, cutias, d, d'oeste, d'oeste/ro, dados, dagua, dajuda, darp, dcp, de grau, decima, decimo, deconsumo, deecrim, defenap, defensoria, defesa, deficiencia, degravacao, del, delegada, delito, delitos, demais, demandas, demerval, dentro, deodapolis, departamento, depositarios, deposito, depositos, desabilitada, desativada, desativar, descalvado, descanso, descentralizada, descentralizado, descoberto, desebargadora, desembargado, desembargador, desembargadores, desenvolvimento, destinacao, detencao, deus, df, di, diadema, difusos, digital, digitalizacao, dignidade, dinheiro, dionisio, dipo, dipp, direcao, direito, direitos, direto, diretoria, disputas, dissidios, distribuicao, distribuidor, distritais, distrital, distrito, diurno, divida, divina, divino, divinopolis, divisao, divulgacao, dix, do grau, doca, doce, documentacao, documental, documentos, doeste, dol, dolosos, domest, domestica, dores, dourada, dourado, dpvat, dr, dracena, drogas, dtr, duas, duro, ecoporanga, edeia, edi, educacional, efeito, efetividade, einfancia, eirunepe, eleicoes, eleitora, eleitorais, eleitoral, eleonora, eletronico, em grau, emas, embargos, embu, emissao, empresa, empresariais, empresarial, empresas, encantado/rs, encinas, endividados, enfrentamento, engenheiro, entorpecentes, entrancia, entre rios, envira, envolvendo, epitacio, epitaciolandia, equipe, ere, erechim/rs, ervalia, es, escada, escola, escrivania, especial, especializada, especializadas, especializado, especificos, esperanca, esperantina, esperantinopolis, espigao, espinosa, esplanada, espumoso/rs, est, estacio, estado, estaduais, estadual, estatistica, esteio, esteio/rs, estenotipia, estiva, estrategica, estrela/rs, estruturacao, etapa, euclides, eugenio, eugenopolis, eunapolis, eventos, ex, exame, excecao, excluir, execucao, execucoes, executiva, executivo, executivos, exmo, expandido, expedicao, expediente, expresso, extensao, exterior, extinta, extorsao, extrajudiciais, extrajudicial, extraordinaria, extraordinario, extraordinarios, extremo, extremoz, exu, f, fac, facamp, facid, faculdade, fadi, fafire, falencia, falencias, fama, familia, familiar, fap, farroupilha/rs, fartura, fatepi, fazenda, fazendapublica, fazendaria, fazendario, fazendarios, fazendas, federais, federal, fef, feitos, feliz/rs, ferias, ferreiros, ferro, fig, figueiropolis, filadelfia, financeira, financeiro, fino, fiscais, fiscal, fiscalizacao, flagrante, flagrantes, flexeiras, flora, florania, floriano, florianopolis, florianopolis/sc, fogo, fora, forense, formacao, formiga, formosa, formosas, formoso, foro, forquilha, forquilhinha, fortaleza/ce, fortuna, forum, foz, frecheirinha, frio, frontin, ftc, fundacao, fundiario, fundo, fundo/rs, gabinete, gabinetes, galia, gameleira, gandu, garanhuns, garanhuns/pe, garantias, garca, garcas, garibaldi/rs, garopaba, garrotes, garuva, gatos, gauchos, gaurama/rs, gaviao, general, generica, gentio, gerais, geral, gerencia, gerenciamento, gestao, gestora, getulina, gilbues, girau, girua/rs, gmf, goiandira, goiania, goias/anapolis, goias/aparecida, goias/goiania, goias/itumbiara, goias/luziania, goias/rio verde, goiatins, goioere, goita, goncalves/rs, gonzaga/rs, gov, governador, goytacazes, grama, gramado/rs, grande/pb, grande/rs, grau, grava, gravacao, gravatai/rs, grossa, grosso, grupo, grupos, guacu, guadalupe, guaiba/rs, guaiuba, guajara, guama, guape, guapimirim, guapore/rs, guara, guarabira/pb, guarai, guaranesia, guarani, guaraniacu, guaranta, guararapes, guararapes/pe, guararema, guaratinga, guarda, guariba, guiratinga, gurinhem, herval/rs, hidrolandia, hipervulneraveis, homogeneos, honorio, horizonte, horizontina/rs, horto, hortolandia, iacanga, iaciara, iacu, iati, ibia, ibiapina, ibicarai, ibimirim, ibiraci, ibiracu, ibirajuba, ibirama, ibirapitanga, ibirataia, ibirite, ibiruba/rs, ibitinga, ibiuna, ico, icoaraci, ida, ido, idoso, idosos, iepe, igaci, igapora, igarapava, igarassu, igarata, igreja, igrejinha/rs, iguai, iguape, iguatama, iguatemi, ijui, ijui/rs, ilhabela, imarui, imbituba, imbituva, imigrante, imperatriz, imprensa, improbidade, inaja, inativa, inativo, inativos, incidentes, indaia, indaial, indaiatuba, indexacao, indiano, indiaroba, indios, individuais, industrial, infancia, informacao, informacoes, informal, informativo, infracionais, infracional, infracoes, inga, ingazeira, inhambupe, inhapim, inhomirim, inhumas, iniciais, inicial, inocencia, inquerito, inqueritos, inspecao, instancia, instituto, instrumento, integra, integrada, integrado, integral, interdicao, interditos, interior, intermediarias, intermediario, interna, internacional, interno, invent, inventariantes, ipameri, ipanema, ipanguacu, ipatinga, ipaucu, ipaumirim, ipiau, ipira, ipiranga, ipixuna, ipojuca, ipora, ipu, ipua, ipubi, ipueiras, ipumirim, iracemapolis, irai/rs, iraja, iranduba, irapuan, iraquara, irati, iretama, irmaos, irmaos/rs, isolada, ita, itabapoana, itabela, itabera, itaberai, itabira, itabirito, itacaja, itacoatiara, itaenga, itaete, itagiba, itagimirim, itaguara, itaguatins, itai, itaiba, itaim, itainopolis, itaiopolis, itaitinga, itaituba, itaja, itajuipe, italva, itamar, itamaraca, itamarandiba, itambacuri, itambe, itamogi, itamonte, itanhaem, itanhandu, itanhem, itanhomi, itapaci, itapaje, itapecerica, itapecuru, itaperuna, itapetim, itapetinga, itapetininga, itapevi, itapicuru, itapipoca, itapirapua, itapissuma, itapitanga, itapiuna, itapolis, itapora, itaporanga/pb, itaquaquecetuba, itaquera, itaqui/rs, itaquirai, itaquitinga, itarare, itarema, itariri, itatiba, itatinga, itatira, itaubal, itaueira, itauna, itin, itiner, itinerante, itinga, itiquira, itirapina, itirucu, itiuba, itororo, ituacu, itubera, ituiutaba, itumirim, itupeva, ituporanga, iturama, ituverava, ivai, ivatonia, ivoti/rs, jabaquara, jaboatao, jaboticabal, jaboticatubas, jacaraci, jacarau, jacarepagua, jacarezinho, jaciara, jacui, jacui/rs, jacuipe, jacupiranga, jacutinga, jaguapita, jaguarao/rs, jaguarari, jaguari/rs, jaguaripe, jaguaruana, jaiba, jaicos, janauba, jandira, janeiro, januaria, japura, jardinopolis, jari, jarinu, jatahy, jatauba, jati, jau, jd, jeac, jeca, jecc, jecrc, jecrima, jef's, jef's/al, jef's/ce, jef's/pb, jef's/pe, jef's/rn, jef's/se, jefadj, jefciv, jefcivel, jefcr, jefcrim, jefs, jequitinhonha, jeremoabo, jericoacoara, jerumenha, jetiba, jfc, ji, jiquirica, jitauna, joacaba, joinville, joviania, jt, jt grau, juazeirinho, jucurutu, judiciais, judicial, judiciaria, judiciaria grau, judiciaria/divisao, judiciaria/secretaria, judiciarias, judiciario, judiciario grau, judiciarios, juina, juiz, juizado, juizados, juizes, juizo, julgador, julgadora, julgadores, julgamento, julgamentos, junqueiro, juquia, juri, juri/exec, juri/execucoes, juri/infancia, juridica, juridico, jurisdicao, jurisdicional, jurisprudencia, jurista, juristas, jus, just, justica, juventude, jvdfcm, la, labrea, lafaiete, lagarto, lages, lago, lagoa, lagoas, laguna, lajeado, lajeado/rs, lajes, lajinha, lapao, laranjeiras, largo, largo/rs, lav, lavagem, legal, legislacao, lei, leiloes, leopoldo, leste, limeira, limpo, lindas, lindoia, linhares, liq, liquidacao, liquidantes, livramento, livramento/rs, lj, loanda, lomba, loreto, louveira, luziania, luzilandia, m, macabu, macacu, macae, macaiba, macapa, macaparana, macarani, macatuba, macau, macaubal, macaubas, maceio/al, machadinho, machado/rs, macro, macuco, madre, madureira, magistrados, magistratura, maio, maio/rs, maior, mairi, mairinque, mairipora, major, malacacheta, malhador, mamanguape, mambore, mand, mandados, mandaguacu, mandaguari, mangabeiras, mangaratiba, manhumirim, manicore, mantena, maraa, maracacume, maracai, maracanau, maracanau/ce, maragogi, maragogipe, maraial, marataizes, marau, marau/rs, marcelandia, marcolandia, marechal, maribondo, marica, maringa, marmeleiro, martinopolis, maruim, masculino, massape, mata, matao, matelandia, materia, matinha, matinhos, mato, matoes, matozinhos, matriz, matupa, maua, maues, maurilandia, maximo, mazagao, mcp, me, mearim, mediacao, medianeira, medicas, medida, medidas, meier, meio, meio/rs, membro, memoria, menores, meriti, metas, metodos, metropolitana, mg, microempresas, microrregiao, migrada, miguelopolis, milagres, militar, mimosa, minacu, mineiros, ministra, ministro, mipibu, miracatu, miracema, mirador, mirandiba, miranorte, mirante, mirassol, mirim, mirinzal, missoes, missoes/rs, mista, misto, modelo, modernizacao, mogol, moita, moji, mombaca, moncao, mondai, mongagua, monitoramento, monlevade, montalvania, montalvao, monteiro/pb, montenegro/rs, montividiu, mor, morada, moreilandia, morros, mosqueiro, mossamedes, mossoro, mossoro/rn, mostardas/rs, movel, movimentacao, ms, mt, muana, mucambo, mucuge, mulher, multa, multas, multidisciplinar, multiprofissional, mulungu, mundo, municipais, municipal, municipio, murici, muritiba, murtinho, mutirao, mutiroes, mutuipe, mutum, muzambinho, na, nada, nanuque, nao, naor, narandiba, natal/rn, natividade, navegantes, navio, negra, neopolis, nepomuceno, neraf, nerav, neropolis, nioaque, nipo, nisia, niteroi, njm, no, nona, nono, nonoai/rs, norte, norte/ce, norte/rs, nortelandia, noturno, nova alvorada, nova andradina, nova aurora, nova canaa, nova crixas, nova cruz, nova era, nova esperanca, nova fatima, nova friburgo, nova granada, nova iguacu, nova iguacu/mesquita, nova lima, nova londrina, nova monte, nova mutum, nova odessa, nova olinda, nova petropolis/rs, nova ponte, nova prata, nova prata/rs, nova resende, nova russas, nova serrana, nova soure, nova ubirata, nova vara, nova venecia, nova vicosa, nova xavantina, novas, novo acordo, novo cruzeiro, novo gama, novo hamburgo, novo hamburgo/rs, novo horizonte, novo lino, novo orgao, novo oriente, novo progresso, novo sao, novo vara, novo/rs, novos, nucleo, nucleos, nugep, nugepnac, nupemec, nuporanga, nur, nuvimec, obidos, objetos, ocara, oceanica, ocidental, ocultacao, oe, oeste, oficiais, oficio, oge, oiapoque, oitava, oitavo, oiticica, ojaf, olindina, olivenca, operacional, orcamento, ordem, orfaos, organizacao, organizacoes, organizado, orgao, orgaos, orientacao, originaria, originarios, oriundos, orizona, orlandia, orleans, orobo, oros, ortigueira, os, osorio, osorio/rs, ostras, ouricuri, ourinhos, ouro/rs, ouroeste, outros, ouvidoria, p, pac, pacaembu, pacaraima, paciente, pacoti, padronizacao, padua, pagamento, pai, paicandu, palestina, palha, palhano, palheiro, palmar, palmar/rs, palmares, palmeirais, palmeirina, palmeiropolis, palotina, panambi/rs, pancas, panelas, panorama, papanduva, para, paracambi, paracuru, paraibano, paraibuna, paraipaba, paraiso, paraisopolis, paraitinga, parambu, paramirim, parana/ro, paranacity, paranagua, paranaiguara, paranaita, paranapanema, paranatinga, paranavai, paranoa, paraopeba, paratinga, paraty, parauapebas, parauna, pardo, parecis, parelhas, parelheiros, parintins, paripiranga, pariquera, parnagua, parnamirim, parnarama, parobe/rs, part, partenon, partidaria, partidarias, partidarios, partidor, partidores, partidoria, partidos, partilha, parua, pasa, passa quatro, passa tempo, passagem, passe, passira, passo, passos/rs, pastora, pastos, patos/pb, patrimonial, patrulha/rs, patu, paty, pau, paudalho, pauini, paula/rs, paulinia, paulistana, pavuna, paz, pe, peabiru, pecanha, pederneiras, pedralva, pedrasi, pedreiras, pedrito/rs, peixe/pb, pela, pelotas, pelotas/rs, pen, pena, penais, penal, penalva, penapolis, penas, pendencias, penha, pensionistas, pentecoste, perdizes, perdoes, pereiro, pericias, periperi, permanente, permanentes, pernambuco, peruibe, pesquisa, pessoa/pb, pessoal, pessoal/pb, pessoas, pestana/rs, pet, peticoes, petrolandia, petrolina/pe, petropolis, pg3, pianco/pb, piata, picarras, piedade, pilao, pilau, piloes, pindamonhangaba, pindobacu, pinhal, pinhao, pinheiral, pinheirinho, pinheiros, piquete, piracuruca, piraju, piranga, pirapora, piraquara, piratini/rs, piratininga, pirenopolis, piritiba, pirpirituba, pitangueiras, pitas, piuma, piumhi, pj, pje, placha, planalto/rs, planejamento, plantao, plantonista, platina, plena, plenario, pleno, poa, pocao, pocinhos, pocos, pojuca, policia, policiais, politicas, politico, politicos, polo, pompeia, pompeu, ponta, pontalina, pontalinda, pontas, por, pora, porangaba, porangatu, porecatu, porfirio, portal, portalegre, portao/rs, portaria, porte, porteiras, porteirinha, portela/rs, portes, porto acre, porto alegre, porto alegre/rs, porto belo, porto calvo, porto esperidiao, porto feliz, porto ferreira, porto franco, porto grande, porto murtinho, porto nacional, porto real, porto real/quatis, porto seguro, porto uniao, porto velho, porto velho/ro, porto xavier/rs, portugal, posto, potengi, poxoreo, pr, pracuuba, prado/rs, prados, pratapolis, praticados, pre, precatoria, precatorias, precatorio, precatorios, precedentes, predio, prefeitura, presente, presidencia, presidencias, presidios, prestacao, preta, preto, pretor, pretora, previdenciaria, previdenciarias, previdenciario, primavera, primeiro, primeiro grau, prisao, priv, privada, privado, privativa, privativas, pro, proaf, procedimento, procedimentos, processamento, processo, processos, processuais, processual, procon, proendividados, proger, program, programa, programas, projeto, projetos, promissao, promocao, propaganda, propria, protecao, protetiva, protocolo, provimento, provisoria, provisorio, prudentopolis, psicologia, psicossocial, psiquiatricas, publicacao, publicacoes, publicas, publico, publicos, puc, punidos, quarai/rs, quarta, quarto, quatro, que, quebrangulo, quedas, queimadas, queimadas/pb, queimados, queixas, queluz, querencia, questoes, quinta, quinto, quirinopolis, quitunde, r, ra, raj, ramos/rs, rancharia, realeza, recanto, recebimento, recepcao, recesso, recife, recife/pe, recip, reclusao, recuperacao, recuperacoes, recursais, recursal, recursal/ce, recurso, recursos, redencao, redonda, redondo, reducao, refeicao, reforco, regeneracao, regiao, regime, regioes, regionais, regional, regis, registrador, registropublico, registros, registrospublicos, regularizacao, rei, relacionados, relacoes, relativos, relator, relatoria, remanso, remessa, remota, repercussao, repetitivas, repetitivos, requisicoes, reserva, reservada, residual, resol, resolucao, resolucoes, resplendor, restaurativa, restritivas, resursal, retirolandia, reunida, reunidas, reves, revisao, revista, rf, rialma, ribamar, ribeira, ribeirao, ribeiro/rs, rica, rio bonito, rio branco, rio branco/ac, rio brilhante, rio casca, rio claro, rio formoso, rio grande, rio grande/rs, rio largo, rio negrinho, rio negro, rio novo, rio paranaiba, rio pardo, rio pardo/rs, rio piracicaba, rio pomba, rio preto, rio real, rio tinto, rio vara, rio verde, rio vermelho, rj, rma, roberto, rocha/pb, rocio, rodeio, rogatoria, rolandia, ronda, rondonia, roraima, rorainopolis, roseira, roubo, roxa, roxo, rs, rubiataba, russas, s, sabara, sabinopolis, saboeiro, sabugi, sac, sacramento, sai, saire, saj, sala, salesopolis, salete, salgado, salinas, salinopolis, saloa, samambaia, sananduva/rs, sanharo, sant, santa adelia, santa albertina, santa barbara, santa branca, santa catarina, santa cecilia, santa cruz, santa fe, santa felicidade, santa filomena, santa helena, santa ines, santa isabel, santa izabel, santa luzia, santa maria, santa maria/rs, santa mariana, santa quiteria, santa rita, santa rita/pb, santa rosa, santa rosa/rs, santa teresinha, santa terezinha, santa vitoria, santaluz, santarem, santiago/rs, santissima, santista, santo agostinho, santo agostinho/pe, santo amaro, santo anastacio, santo andre, santo angelo, santo angelo/rs, santo antao, santo antonio, santo augusto, santo augusto/rs, santo cristo/rs, santo estevao, sao benedito, sao bento, sao bernardo, sao borja, sao borja/rs, sao bras, sao caetano, sao carlos, sao cristovao, sao desiderio, sao domingos, sao felipe, sao felix, sao fidelis, sao francisco, sao gabriel, sao gabriel/rs, sao goncalo, sao gotardo, sao jeronimo, sao jeronimo/rs, sao joao, sao joaquim, sao jose, sao leopoldo, sao leopoldo/rs, sao lourenco, sao luis, sao luiz, sao mamede, sao manuel, sao marcos/rs, sao mateus, sao miguel, sao paulo, sao pedro, sao rafael, sao raimundo, sao romao, sao roque, sao sebastiao, sao sebasticao, sao sepe/rs, sao simao, sao tome, sao valentim/rs, sao vicente, sape, sapeacu, sapezal, sapiranga/rs, sapucai, saquarema, sarandi, sarandi/rs, saude, sc, sdcm, sdcr, sdf, se, seabra, seara, seberi/rs, seca/rs, secao, secoes, secretaria, sede, sef, segunda, segundo, segundo grau, seguranca, seguro, sem, senges, senhor, sentenca, sentencas, sento, sept, sergipe, serido, seropedica, serrada, serrano, serranopolis, serrita, serro, sertania, sertanopolis, serventia, servico, servicos, sessao, sessoes, setima, setor, sexta, sexto, sexual, sgp, shopping, siao, silvania, silvianopolis, sirinhaem, sistema, sistemas, sitio, situacao, sj, sj/pe, sjac, sjam, sjap, sjba, sjdf, sjes, sjgo, sjma, sjmg, sjmt, sjpa, sjpi, sjrj, sjro, sjrr, sjto, sobradinho, sobradinho/rs, sobral/ce, sobre, sobrinho, social, socialmente, socio, socioambiental, socioeducativ, socioeducativas, socioeducativo, socorro, sol, solanea, soledade, soledade/rs, solonopole, solucao, solucoes, sombrio, sonora, sorocaba, sorriso, soturno/rs, sousa/pb, souto, sp, sreeo, ssj, stf, stf1, stf2, stf3, sti, stj, stj1, stj2, stn, suacui, sub, subsecao, subsecretaria, substituicao, substituto, substitutos, suc, sucessoes, sucupira, sudeste, sudoeste, sul, sul/rs, sumare, sumariante, sume, sumidouro, superendividamento, superior, superiores, supervisao, suplementar, suplementares, suplente, suporte, surubim, suzano, t, tabapora, tabapua, tabatinga, tabira, taboado, taboao, tabuleiro, tacaimbo, tacaratu, taciba, taguatinga, taio, taiobeiras, taipu, talhada, talhada/pe, tamandare, tambau, tamboril, tanabi, tangara, tanhacu, tanque, tapaua, tapejara/rs, tapera, tapera/rs, taperoa, tapes/rs, tapuio, tapurah, taquara, taquara/rs, taquaral, taquari, taquari/rs, taquaritinga, taquarituba, taquigrafia, tarauaca, tarde, tartarugalzinho, tarumirim, tatuape, tatui, taua, taubate, tecnica, tecnico, tecnologia, tefe, teixeiras, tejucuoca, telecomunicacoes, telemaco, temp, temporaria, tenente, teofilandia, teofilo, teotonio, terapeutica, terceira, terceiro, terenos, teresina, teresopolis, terezinha, termo, test, testamentaria, teste, teutonia/rs, therezinha, tiangua, tibagi, tiete, tigre/rs, tijuca, tijucal, tijucas, timbauba, timbiras, timbo, timon, tiros, titular, titularidade, titulo, titulos, tjdft, tjes, tjms, tjpb, tjpb/cesrei, tjpb/fesp, tjpb/iesp, tjpb/procon, tjpb/unipe, tjpe, tjpi, tocantinia, tocantinopolis, tocantins, tocantins/to, tombos, tome, toque/rs, torcedor, toritama, torres, torres/rs, touros, toxicos, tr/ce, tr/pb, tr/pe, tr/rn, trabalhista, trabalho, tracunhaem, trafico, traipu, trairi, tramandai/rs, tramitacao, transferencia, transito, transporte, tratamento, tre, tremeia, tremembe, tres, trf, trf4, triagem, tribunais, tribunal, tributaria, tributarios, tristeza, triunfo, triunfo/rs, trombudo, trs, trt, trt9, tru, tse, tubarao, tucano, tucunduva/rs, tucurui, tuntum, tupa, tupaciguara, tupancireta/rs, tuparetama, tupi, turiacu, turma, turmalina, turmas, turvania, turvo, tut, tutelar, tutoia, tutoria, uaa, uaua, uba, ubaira, ubaitaba, ubajara, ubata, ubatuba, uberaba, uberlandia, ubirata, ucdb, uespi, uirauna, ulbra, umarizal, umbuzeiro, umirim, umuarama, una, unai, unar, unesc, ung, uniao, unica, unicap, unicastelo, unico, unidade, unifap, unificada, unificadas, unificado, uniformizacao, unime, unimep, uninassau, unip, unirn, unisal, unisaomiguel, universitario, upanema, upe, upj, urai, urandi, urania, urbano, urca, urgentes, uruacu, uruana, urubici, uruburetama, urucara, urucuca, urucui, uruguaiana, uruguaiana/rs, uruoca, urupes, urussanga, uso, usuarios, uteis, utinga, vacaria, vacaria/rs, vaga, vago, valadares, valinhos, valor, valores, valparaiso, vara, varas, vargas/rs, vargem, varginha, varjao, varjota, varre, vassouras, vazante, veiculos, velha, velha/rs, velho, venda, venturosa, vep, vepema, veranopolis/rs, verde, verdejante, vermelha/rs, vertentes, vespasiano, viamao, viamao/rs, vianopolis, vice corregedoria, vice presidencia, vice presidente, vicencia, vicosa, vida, videira, video, videoconferencia, vii], vij, vila, vilhena, vinculada, vinhedo, viol, violencia, viradouro, virginopolis, virtuais, virtual, visconde, vista, viterbo, vitimas, vitorio, vizinhos, volante, volta, votorantim, votuporanga, vulneraveis, westphalen/rs, xambioa, xambioa/to, xambre, xanxere, xapuri, xaxim, xii], xingu, xinguara, xique, xisto, zero, zona, zonas