"gabinete, %u2013, *decima, /, /inf, /rs, :, ?, [microrregiao, \, \"", abadiania, abaete, abaetetuba, abare, abel, abelardo, abelha, abensur, aberto, abraham, abre, abreu, acacio, acailandia, acajutiba, acara, acarape, acarau, acari, accioly, acervo, acervos, achutti, acidente, acidentes, aco, acoes, acomp, acompanhamento, acopiara, acordao, acordaos, acordo, acre, acrelandia, acreuna, acu, acucar, acucena, adalberto, adamantina, adamastor, adamovich, adelia, ademar, ademir, aderson, adilson, adjunta, adjunto, adm, administracao, administrativa, administrativas, administrativo, administrativos, admissibilidade, adocao, adolescencia, adolescente, adolescentes, adriana, adriane, adriano, adriene, advogado, aeroporto, aespi, afif, afins, afogados, afonso, afranio, agamenon, agenor, agilizacao, agnaldo, agostinho, agostinho/pe, agraria, agrarios, agravos, agregada, agrestina, agua, aguai, aguarda, aguas, agudo, agudo/rs, agudos, aguiar, aguilar, ahmad, aida, aimores, aires, aires/rs, airton, aiston, aiuaba, aiuruoca, ajuizamento, alaercio, alagoa, alagoas, alagoinha, alagoinhas, alan, albanira, albano, albertina, alberto, albino, albuquerque, alcantara, alcides, alcino, alcobaca, alcoforado, aldeia, aldemar, ale, alegre, alegre/rs, alegrete, alegrete/rs, aleixo, alem, alemao, alencar, alessandra, alessandro, alex, alexandre, alexandria, alexania, alfenas, alferes, alfeu, alfredo, alhandra, alianca, alice, alienacoes, allegretti, almas, almeida, almenara, almino, almir, almirante, almiro, alonso, alpinopolis, alt, alta, alta/rs, altair, altamira, altamiro, altemar, altern, alternativas, altinho, altinopolis, alto, altonia, altos, aluizio, alvaras, alvarenga, alvares, alvaro, alves, alvinopolis, alvorada, alvorada/rs, amalin, amambai, amancio, amanda, amantino, amapa, amapari, amaraji, amaral, amarante, amargosa, amaro, amatura, amauri, amaury, amazonas, amb, ambientais, ambiental, ambiental/materia, ambiente, amelia, americana, americano, americo, amilcar, amontada, amorim, amparo, ampere, ana, anache, anacleto, anadia, anage, anajatuba, analise, anama, ananas, ananindeua, anapolis, anapu, anastacio, anaua, anaurilandia, anchieta, andarai, andersen, anderson, andira, andradas, andrade, andradina, andre, andrea, andreia, andrelandia, andrighi, anexo, anexos, angatuba, angela, angelica, angelim, angelo, angelo/rs, angical, angicos, angonese, angra, anhanguera, aniceto, anicuns, anita, anjos, anna, anne, antao, antas, antenor, antero, antiga, antonia, antoniassi, antonina, antonio, antunes, ao grau, aos, aparecida, aparecido, apenados, apenados/processados, aperibe, apiacas, apiai, apodi, apoio, apolinario, apontamentos, aposentadoria, aposentadoria:, aprazivel, apucarana, apuracao, aquidauana, aquino, aquiraz, aracagi, aracaju, aracaju/se, aracati, aracatuba, araci, aracoiaba, aracruz, aracu, aracuai, aragao, aragarcas, araguacema, araguacu, araguaia, araguaina, araguaina/to, araguari, araguatins, araioses, araken, arame, aranha, arantes, arapiraca, arapiraca/al, arapoema, arapongas, arapoti, araputanga, araquari, arara, ararangua, araraquara, araras, arari, araripe, araripina, araruama, araruna, aras, araucaria, araujo, araxa, arbitragem, arbitrais, arcado, arcanjo, arcos, arcoverde, area, areado, areal, areia, areia/rs, arenapolis, arenhart, areosa, arez, ari, ariano, arinos, ariovaldo, aripuana, ariquemes, ariquemes/ro, aristeu, armacao, armando, armas, armazem, arnaldo, aroazes, aroeiras, arquibaldo, arquipelago, arquivamento, arquivistica, arquivistico, arquivo, arquivos, arrabida, arraial, arraias, arranjo, arriada, arroio, arruda, artemio, artes, arthur, artioli, artur, aruana, aruja, arvorezinha/rs, asa, asces, ascurra, asiel, ass, assai, assare, assessoramento, assessoria, assis, assis/rs, assistencia, assistentes, associacao, assumpcao, assuncao, assuntos, asta, astorga, atalaia, aten, atencao, atend, atendimento, atermacao, atibaia, atilio, ativa, atividade, atividades, ativos, atos, atualizacao, audiencia, audiencias, audio, audit, auditoria, augustinopolis, augusto, augusto/rs, aureliano, aurelino, aurelio, auriflama, aurilandia, aurora, aurvalle, ausencia, ausencias, ausentes, autarquias, autos, autran, autuacao, aux, auxiliar, auxiliares, auxilio, av, aval, avaliacao, avaliador, avaliadores, avancada, avancado, avare, avelino, avila, axixa, aymore, azambuja, azeredo, azevedo, aziz, azul, bacabal, bacellar, bacenjud, bacuri, baependi, bage, bage/rs, bahia, baiano, baianopolis, bairro, baisch, baixa, baixada, baixo, balbino, balcao, balneario, balsas, bambui, banabuiu, bananal, bananeiras, bancaria, bancario, banco, bandeira, bandeirante, bandeirantes, bangu, baptista, barao, barauna, barbacena, barbalha, barbara, barbosa, barbosa/rs, barcarena, barcellos, barcelos, bariri, barone, baroni, barra, barracao, barragem, barras, barreira, barreiras, barreirinha, barreirinhas, barreiro, barreiros, barreto, barretos, barro, barroquinha, barros, barroso, barueri, bastos, bataguassu, bataipora, batalha, batatais, bataypora, batista, baturite, bauru, bawden, bayeux, beatriz, bebber, bebedouro, beberibe, beck, bede, behrensdorf, bela, belas, belem, belford, bellusci, belmiro, belmonte, belo, belos, beltrao, bem, bemerguy, beneditinos, benedito, benevides, benjamim, benjamin, bens, bentes, bento, bequimao, beraldo, berardo, berenice, bernadete, bernardes, bernardino, bernardo, bernd, bertao, bertioga, bertoluci, beserra, bessa, betania, betim, bezerra, bezerros, bianca, bianchi, biasi, biblioteca, bicaco/rs, bicas, biguacu, bilac, binato, biondi, birigui, bispo, bitar, bitencourt, bittencourt, bizzi, blasi, blumenau, boa, boas, boca, bocaiuva, bodoco, bois, boituva, boller, bom, bom/rs, bomfim, bonanca, bonardo, bonfim, bonfinopolis, bonifacio, bonilha, bonita, bonito, bonito/rs, bons, boqueirao, boquira, borba, borborema, borda, bordasch, borges, borja, borja/rs, bortolussi, bosco, boson, botelho, botelhos, botucatu, braco, braga, braganca, branca, branca/pb, branco, branco/ac, brandao, brant, bras, brasil, brasilandia, brasileia, brasileira, brasilia, brasiliense, brasnorte, braun, bravo, braz, brazlandia, brejao, brejinhos, brejo, brejoes, breno, bresciani, breves, brigida, brilhante, brito, britto, brodowski, broglio, brotas, brucoli, brum, brumadinho, brumado, bruno, brusque, buarque, bueno, buenopolis, buenos, buerarema, bugres, buique, bujari, bulhoes, buratto, buri, buritama, buriti, buriticupu, buritis, butanta, butia/rs, buzios, c/, c/mulher, caapiranga, caapora, caarapo, cabaceiras, cabedelo, cabo, cabral, cabralia, cabreuva, cabrobo, cacador, cacapava, cacau, cacequi/rs, caceres, cachapuz, cachoeira, cachoeiras, cachoeirinha, cachoeirinha/rs, cachoeiro, cacimba, cacimbinhas, cacoal, caconde, cacu, cacule, cadastramento, cadastro, cadeira, caetano, caete, caetes, caetite, cafelandia, cafure, cai/rs, caiaponia, caicara, caico, caieiras, caio, cairo, caixeta, cajamar, cajazeiras, cajazeiras/pb, cajuru, calc, calcado, calcoene, calculo, calculos, caldas, caldeira, calixto, calmon, calvo, camacan, camacari, camacho, camamu, camanducaia, camapua, camaqua, camaqua/rs, camara, camara/rs, camaragibe, camaras, camargo, cambara, cambe, camboriu, cambuca, cambuci, cambui, cambuquira, camelo, cameta, camila, camilo, caminha, camocim, campanha, campello, campelo, campestre, campina, campinapolis, campinas, campinorte, campo, campos, canaa, canalli, cananeia, canapi, canapolis, canarana, canavieiras, candeias, candelaria/rs, candida, candidatura, candido, canedo, canela, canela/rs, canguaretama, cangucu/rs, canhotinho, caninde, canoa, canoa/rs, canoas, canoas/rs, canoinhas, cansancao, cantagalo, cantanhede, cantarino, canto, capanema, capao, capela, capelinha, capibaribe, capim, capinopolis, capinzal, capistrano, capital, capitao, capivari, capixaba, capoeiras, capra, caracarai, caracol, caraguatatuba, carajas, carandai, carangola, carapebus/quissama, carapicuiba, caratinga, carauari, caraubas, caravelas, carazinho, carazinho/rs, carcerario, cardinali, cardoso, cardozo, careiro, cariacica, caridade, carinhanha, carire, cariri, caririacu, carius, carla, carli, carlopolis, carlos, carmelita, carmelo, carmem, carmen, carmo, carmopolis, carnaiba, carnaubal, carneiro, carolina, caron, carpes, carpina, carradita, carrasco, carreira, carta, cartas, cartorio, caruaru, caruaru/pe, caruso, carutapera, carvalho, casa, casagrande, casal, casca, casca/rs, cascalheira, cascavel, casimiro, cassia, cassiano, cassilandia, cassio, castanhal, castello, castelo, castilho, castilhos/rs, castro, cataguases, catalao, catanduva, catanduvas, catarina, catarinense, catende, catole, catrib, catta, catu, catuipe/rs, caucaia, caum, causas, cavalcante, cavalcanti, cavalieri, cavalli, cavassa, caxambu, caxias, cazerta, ccdf, cdhu, ce, ceara, cechet, cecilia, cedral, cedro, ceilandia, ceja, cejai, cejusc grau, cejusc2, cejuscon, celeste, celia, celio, celso, celyrio, ceni, centenario, centeno, centr, central, centrase, centro, centros, ceo, cepema, cercado, cerejeiras, ceres, cericato, cerqueira, cerquilho, cerro, cert, certidoes, cesar, cesario, cesaro, cezar, cgj, cha, chagas, chaib, chan, chapada, chapadao, chapadinha, chapeco, chapeu, charqueadas/rs, chateaubriand, chaval, chavantes, chaves, cherem, chernicharo, choca, chopinzinho, chorozinho, chorrocho, chrisfapi, christina, ci, cianorte, ciarlini, cic, cicero, cid, cidadania, cidadao, cidade, cij, cilene, cilli, cimino, cinthia, cintia, cintra, cipo, circunscricao, civel, civel/consumidor, civel/criminal, civel/familia, cjm, clait, clara, claras, claret, clarice, claro, claros, classe, classificacao, claudia, claudino, claudio, clayton, cleber, clemente, cleuci, clevelandia, cloves, clovis, coaraci, coari, cobra, cocais, cocal, cocalzinho, coccaro, cocos, codo, coelho, cogan, coimbra, coite, colares, colatina, colegiado, colegio, coletivas, coletivo, coletivos, coleto, colider, colina, colinas, colmeia, colniza, colombo, colonia, colorado, coman, comarca, combate, comerciais, comercial, comissao, comissariado, comodoro, compartilhada, compaz, compet, competencia, composicao, comum, comunicacao, comunitaria, comuns, con, conceicao, concentrada, conchal, conchas, conciliacao, conciliacoes, conciliador, concordata, concordatas, concordia, condado, conde, condeuba, conf, confl, conflit, conflito, conflitos, congonhas, congonhinhas, conhecimento, conjunta, conjunto, conquista, conselheiro, conselho, consensuais, consensual, consta, constant, constantina/rs, constantino, constitucionais, consumerista, consumidor, consumo, contador, contador/partidor, contadores, contadoria, contagem, contas, conte, conti, continente, contra, controle, conv, conversao, convocada, convocado, cooper, cooperacao, coord, coordenacao, coordenador, coordenadoria, coqueiros, coracao, coracoes, corbelia, corda, cordeiro, cordeiropolis, coreau, coremas, coribe, corinto, cornelio, coroa, coroas/rs, coroata, coromandel, coronel, correa, correcional, corregedor, corregedoria, corregos, correia, correicao, corrente, correntes, correntina, corte, cortes, cortez, corumba, corumbaiba, coruripe, cosmopolis, costa, cotegipe, cotia, cotriguacu, cotrim, couce, coutinho, couto, coxim, cpe, cr, crateus, crato, cravinhos, cri, crianca, criancas, criciuma, criciuma/sc, crime, crimes, criminais, criminal, criminosa, criminosas, crissiumal/rs, cristalandia, cristalina, cristiane, cristiano, cristina, cristino, cristo, cristo/rs, cristovao, crixas, crp, cruz, cruz/rs, cruzeiro, cruzes, cruzeta, cruzilia, cubas, cubatao, cueva, cuiaba, cuite, cumaru, cump, cumprimento, cumulativa, cunha, cunha/rs, cunhas, cupello, cupira, curaca, curcio, curi, curimata, curitiba, curitibanos, curiuva, currais, curu, cururupu, curvelo, cury, custas, custodia, custodio, cutias, cynthia, d, d'oeste, d'oeste/ro, dacio, dados, dagoberto, dagua, dajuda, dalla, daltoe, dalva, damasceno, damiano, damiao, daniel, daniela, daniele, dantas, danton, daros, darp, davi, david, davila, dcp, de grau, dea, debora, deborah, decima, decimo, decio, deconsumo, deda, deecrim, defenap, defensoria, defesa, deficiencia, degravacao, del, delabary, delcio, delegada, delgado, delito, delitos, della, delmiro, demais, demandas, demerval, demetrius, denise, dentro, deodapolis, deodoro, dep, departamento, depositarios, deposito, depositos, desabilitada, desativada, desativar, descalvado, descanso, descentralizada, descentralizado, descoberto, desebargadora, desembargado, desembargador, desembargadores, desenvolvimento, desiderio, despacho, destinacao, detencao, deus, dezena, df, di, diadema, diamantina, diamantino, dianopolis, dias, diefenthaler, difusos, digital, digitalizacao, dignidade, dimas, dinart, dinheiro, diniz, diogenes, dionisio, dipo, dipp, dirceu, direcao, direito, direitos, direto, diretoria, disputas, dissidios, dist, distr, distribuicao, distribuidor, distritais, distrital, distrito, dittrich, diurno, diva, divida, divina, divino, divinopolis, divisao, divulgacao, dix, djalma, do grau, doca, doce, documentacao, documental, documentos, doeste, dol, dolosos, dom, domest, domestica, domingos, donato, donizete, donizetti, dora, dores, dorigatti, doris, dorival, dornelles, douglas, dourada, dourado, dourados, dpvat, dr, dracena, dreher, drogas, drummond, dtr, duarte, duartina, duas, dulce, dummer, dumont, duque, duro, durval, dutra, eckert, ecoporanga, edeia, eder, edgard, edi, edilson, edison, edivaldo, edmilson, edmundo, edna, edson, eduardo, educacional, edvaldo, efeito, efetividade, egito, einfancia, eirunepe, elaine, elcio, eldorado, eleicoes, eleitora, eleitorais, eleitoral, eleonora, elesbao, eletronico, eliana, eliane, elias, elisabete, elisabeth, eliseu, elizabete, elizabeth, eloi, eloy, ely, em grau, emanuel, emas, embargos, embu, emerson, emidio, emilio, emissao, emmanuel, empresa, empresariais, empresarial, empresas, encantado/rs, encinas, encruzilhada, endividados, enedino, enfrentamento, engenheiro, entorpecentes, entrancia, entre, envira, envolvendo, epaminondas, epitacio, epitaciolandia, equipe, era, erbetta, ere, erechim, erechim/rs, erhardt, erick, erik, erika, ernani, ernesto, ervalia, es, escada, escanfella, escher, escola, escrivania, esdras, esmeraldas, espanha, especial, especializada, especializadas, especializado, especificos, espera, esperanca, esperantina, esperantinopolis, esperidiao, espigao, espindola, espinola, espinosa, espirito, esplanada, espumoso/rs, est, estacio, estado, estaduais, estadual, estancia, estatistica, esteio, esteio/rs, estenotipia, estevao, esteves, estiva, estrategica, estreito, estrela, estrela/rs, estruturacao, etapa, etzel, euclides, eugenio, eugenopolis, eunapolis, eurico, euripedes, eusebio, eustaquio, eva, evaldo, evandro, evangelista, eveline, eventos, everaldo, everardo, everton, ex, exame, excecao, excluir, exec, execucao, execucoes, executiva, executivo, executivos, exmo, expandido, expedicao, expediente, expresso, extensao, exterior, extinta, extorsao, extrajudiciais, extrajudicial, extraordinaria, extraordinario, extraordinarios, extrema, extremo, extremoz, exu, ezilda, f, fabbrini, fabian, fabiana, fabiane, fabiani, fabiano, fabio, fabriciano, fabricio, fac, facamp, facchini, fachin, facid, faculdade, fadi, fafire, fagundes, falavinha, falcao, faleiros, falencia, falencias, fama, familia, familiar, fap, faria, farias, faro, farroupilha/rs, fartura, fatepi, fatima, fausto, favaro, favreto, faxinal, fazenda, fazendapublica, fazendaria, fazendario, fazendarios, fazendas, fe, federais, federal, federighi, fef, feguri, feijo, feira, feitos, feitosa, felicidade, felipe, felippe, felix, feliz, feliz/rs, feltrim, ferias, fernanda, fernandes, fernando, fernandopolis, ferrara, ferrari, ferraz, ferreira, ferreiros, ferrer, ferro, ferros, fg, fialho, fidelis, fig, figueira, figueiredo, figueiropolis, filadelfia, fileti, filgueira, filgueiras, filho, filomena, financeira, financeiro, finger, fino, fioravanti, firmino, firminopolis, firmo, fisc, fiscais, fiscal, fiscalizacao, fischer, flagrante, flagrantes, flavia, flavio, fleck, flexeiras, flora, florania, florencio, flores, floresta, floriano, florianopolis, florianopolis/sc, florida, florindo, fogaca, fogo, fonseca, fontana, fonte, fontes, fontoura, fora, forense, formacao, formiga, formosa, formosas, formoso, foro, forquilha, forquilhinha, fortaleza, fortaleza/ce, fortes, fortuna, fortunato, forum, foz, fraga, fragoso, fraiburgo, franca, francisca, francisco, franco, frecheirinha, frederico, freire, freitas, friburgo, frio, fronteiras, frontin, frutal, ftc, funda, fundacao, fundiario, fundo, fundo/rs, furquim, furtado, fux, gabinete, gabinetes, gabriel, gabriel/rs, gadelha, galia, galileia, galvao, gama, gambogi, gameleira, gandu, garanhuns, garanhuns/pe, garantias, garbin, garca, garcas, garcez, garcia, garibaldi, garibaldi/rs, garopaba, garrotes, garuva, gasp, gaspar, gasparian, gastal, gatos, gaucha, gauchos, gaurama/rs, gavazza, gaviao, gemignani, general, generica, geni, genil, genn, gentil, gentio, george, georgia, gerais, geral, geraldo, gerardo, gerencia, gerenciamento, germana, gerson, gervasio, gest, gestao, gestora, getulina, getulio, giacomet, gil, gilberto, gilbues, gilda, gilmar, gilson, ginasio, giordani, giovani, girau, girua/rs, gisele, giselle, gislene, giuliano, giuliato, glaucia, glender, glioche, gloria, gm, gmf, godinho, godoy, goes, goiana, goianapolis, goiandira, goianesia, goiania, goianinha, goianira, goias, goias/anapolis, goias/aparecida, goias/goiania, goias/itumbiara, goias/luziania, goias/rio, goias/santa, goias/sao, goiatins, goiatuba, goioere, goita, gomes, gomieri, goncalo, goncalves, goncalves/rs, gondim, gonzaga, gonzaga/rs, gonzales, gonzalez, gotardo, goulart, gouvea, gouveia, gov, governador, goytacazes, graca, gracas, grajau, grama, gramado, gramado/rs, granada, grande, grande/pb, grande/rs, grandes, granja, granzoto, grao, grasselli, grassi, grau, grava, gravacao, gravata, gravatai, gravatai/rs, gregorio, groairas, grossa, grosso, grupo, grupos, guacu, guacui, guadalupe, guaiba/rs, guaira, guaiuba, guajara, guama, guanambi, guandu, guanhaes, guape, guapimirim, guapo, guapore/rs, guara, guarabira, guarabira/pb, guaraciaba, guarai, guaramirim, guaranesia, guarani, guaraniacu, guaranta, guarapari, guarapuava, guararapes, guararapes/pe, guararema, guaratinga, guaratingueta, guaratuba, guarda, guariba, guaruja, guarulhos, guaxupe, gubert, guedes, gueiros, guelfi, guerra, guerreiro, guibo, guido, guiessmann, guilherme, guimaraes, guiomard, guiratinga, gurgel, gurinhem, gurupi, gusmao, gustavo, gutierrez, habib, hack, haertel, hamburgo, hamburgo/rs, hamilton, hammerschmidt, haroldo, hastas, hector, heerdt, heinz, helder, helena, heleno, helio, heloisa, helton, helvecio, henrique, henriques, henry, heraldo, herbert, herculano, hermann, hermes, hernandes, herval, herval/rs, hidrolandia, hilario, hildebrando, hipervulneraveis, hipolito, holanda, homogeneos, honorio, hoppe, hora, horacio, horizonte, horizontina/rs, horta, horto, hortolandia, hugo, humaita, humanos, humberto, iacanga, iaciara, iacu, iara, iati, ibaiti, ibate, ibia, ibiapina, ibicarai, ibicui, ibimirim, ibipora, ibiraci, ibiracu, ibirajuba, ibirama, ibirapitanga, ibirapua, ibirataia, ibirite, ibiruba/rs, ibitinga, ibiuna, ibotirama, icara, icaraima, icaro, icatu, ico, icoaraci, ida, ido, idoso, idosos, iepe, igaci, igapora, igarapava, igarape, igarassu, igarata, igreja, igrejinha/rs, iguaba, iguacu, iguacu/mesquita, iguai, iguape, iguatama, iguatemi, iguatu, ijui, ijui/rs, ilha, ilhabela, ilheus, imarui, imbituba, imbituva, imigrante, imperatriz, imprensa, improbidade, inacio, inaja, inativa, inativo, inativos, incidentes, indaia, indaial, indaiatuba, independencia, indexacao, indiano, indiaroba, indios, individuais, industrial, ines, inez, infancia, informacao, informacoes, informal, informativo, infracionais, infracional, infracoes, inga, ingazeira, inhambupe, inhapim, inhomirim, inhuma, inhumas, iniciais, inicial, inocencia, inocencio, inquerito, inqueritos, inspecao, instancia, instituto, instrumento, integra, integrada, integrado, integral, interdicao, interditos, interior, intermediarias, intermediario, interna, internacional, interno, invent, inventariantes, ipameri, ipanema, ipanguacu, ipatinga, ipaucu, ipaumirim, ipiau, ipira, ipiranga, ipixuna, ipojuca, ipora, ipu, ipua, ipubi, ipueiras, ipumirim, iracema, iracemapolis, irai/rs, iraja, iranduba, irapuan, iraquara, irara, irati, irece, iretama, irineu, iris, irmaos, irmaos/rs, isabel, isabela, isaias, isernhagen, isidoro, isolada, issa, ita, itabaiana, itabapoana, itabela, itabera, itaberaba, itaberai, itabira, itabirito, itaborai, itabuna, itacaja, itacare, itacoatiara, itaenga, itaete, itagiba, itagimirim, itaguai, itaguara, itaguatins, itai, itaiba, itaim, itainopolis, itaiopolis, itaipava, itaitinga, itaituba, itaja, itajai, itajobi, itajuba, itajuipe, italva, itamar, itamaraca, itamaraju, itamarandiba, itambacuri, itambe, itamogi, itamonte, itanhaem, itanhandu, itanhem, itanhomi, itaocara, itapaci, itapagipe, itapaje, itaparica, itapebi, itapecerica, itapecuru, itapema, itapemirim, itaperuna, itapetim, itapetinga, itapetininga, itapeva, itapevi, itapicuru, itapipoca, itapira, itapiranga, itapirapua, itapissuma, itapitanga, itapiuna, itapoa, itapolis, itapora, itaporanga, itaporanga/pb, itapuranga, itaquaquecetuba, itaquera, itaqui, itaqui/rs, itaquirai, itaquitinga, itarantim, itarare, itarema, itariri, itatiaia, itatiba, itatinga, itatira, itauba, itaubal, itaucu, itaueira, itauna, itin, itiner, itinerante, itinga, itiquira, itirapina, itirucu, itiuba, itororo, itu, ituacu, itubera, ituiutaba, itumbiara, itumirim, itupeva, ituporanga, iturama, ituverava, iuna, iv, ivai, ivaipora, ivan, ivana, ivatonia, ivete, ivinhema, ivo, ivone, ivoti/rs, ix, izabel, izidoro, jabaquara, jaboatao, jaboticabal, jaboticatubas, jabour, jacaraci, jacarau, jacarei, jacarepagua, jacarezinho, jaciara, jacinto, jacob, jacobina, jacqueline, jacui, jacui/rs, jacuipe, jacupiranga, jacutinga, jaguapita, jaguaquara, jaguarao/rs, jaguarari, jaguaretama, jaguari/rs, jaguariaiva, jaguaribe, jaguaripe, jaguariuna, jaguaruana, jaguaruna, jaiba, jaicos, jaime, jair, jairo, jales, james, jamil, janauba, jandaia, jandira, janduis, jane, janeiro, janete, janio, jansen, januaria, japeri, jappur, japura, jaragua, jardim, jardinopolis, jari, jarinu, jaru, jatahy, jatai, jatauba, jati, jau, jauru, jayme, jd, jeac, jean, jeca, jecc, jecrc, jecrima, jef's, jef's/al, jef's/ce, jef's/pb, jef's/pe, jef's/rn, jef's/se, jefadj, jefciv, jefcivel, jefcr, jefcrim, jeferson, jefferson, jefs, jequeri, jequie, jequitinhonha, jeremoabo, jericoacoara, jeronimo, jeronimo/rs, jerson, jerumenha, jesus, jesus/rs, jetiba, jfc, ji, jijoca, jiquirica, jitauna, joacaba, joana, joao, joaquim, joel, joemilson, john, joinville, jomar, jonas, jones, jordao, jorge, josapha, joscelito, jose, joselandia, joseliza, josely, josias, josue, joviania, jt, jt grau, juanita, juara, juazeirinho, juazeiro, jucas, jucurutu, judicael, judiciais, judicial, judiciaria, judiciaria grau, judiciaria/divisao, judiciaria/secretaria, judiciarias, judiciario, judiciario grau, judiciarios, juina, juiz, juizado, juizados, juizes, juizo, julgador, julgadora, julgadores, julgamento, julgamentos, juliana, juliano, julio, juncken, jundiai, junior, junqueira, junqueiro, junqueiropolis, jupi, juquia, jurandir, jurema, juri, juri/exec, juri/execucoes, juri/infancia, juridica, juridico, jurisdicao, jurisdicional, jurisprudencia, jurista, juristas, juruti, jus, juscimeira, jussara, just, justica, juvenal, juventude, jvdfcm, karam, karina, karine, karloh, katia, kato, katy, keila, kelling, kelly, kennedy, kepes, ketlin, khayat, kiyochi, klaus, klausner, kleber, klippel, kohler, kono, koury, kraemer, kreutz, kreuz, kubiak, l, la, laboissiere, labrea, lacerda, laerte, laertes, lafaiete, lagarto, lages, lago, lagoa, lagoas, laguna, lais, laje, lajeado, lajeado/rs, lajedo, lajes, lajinha, lambari, lambert, lamisse, lamounier, landri, landvoigt, lapa, lapao, laranjal, laranjeira, laranjeiras, largo, largo/rs, larissa, laura, lauro, lav, lavagem, lavras, lazarim, leal, leandro, leao, leblon, lebon, lee, legal, legislacao, lei, leila, leiloes, leitao, leite, lelia, leme, lemke, lemos, lencois, lenine, leo, leonardo, leoncio, leone, leonel, leonidas, leonor, leopoldina, leopoldo, leopoldo/rs, lessa, leste, leticia, letteriello, levenhagen, leverger, levi, levy, liana, liberdade, licinio, lidia, lidio, ligia, lilia, lilian, lima, limeira, limoeiro, limpo, lincoln, lindas, lindoia, lindote, linhares, lino, lins, liq, liquidacao, liquidantes, lira, lisboa, livramento, livramento/rs, lizandra, lizandro, lizete, lj, loanda, lobao, lobato, lobo, lomba, londrina, longa, longhi, longuini, lontra, lopes, lopez, loraci, lorea, lorena, lorenzi, loreto, losada, losekann, lourdes, loureiro, lourenco, lourival, louveira, loyola, luana, lucas, lucelia, lucena, lucia, luciana, luciane, luciano, luciene, lucimeire, lucio, lucy, ludwig, luis, luisa, luiz, luiza, lumiar, luna, lunardelli, lusmary, lustosa, luz, luzia, luziania, luzilandia, lyra, m, macabu, macacu, macae, macaiba, macapa, macaparana, macarani, macatuba, macau, macaubal, macaubas, macedo, maceio, maceio/al, machadinho, machado, machado/rs, maciel, macro, macuco, madalena, madeleine, madre, madruga, madureira, mafra, magalhaes, mage, magistrados, magistratura, magnani, maia, maio, maio/rs, maior, mairi, mairinque, mairipora, major, malacacheta, malhada, malhador, malheiros, mallet, mallmann, malm, malotes, malta, malucelli, maluf, mamanguape, mambore, mamede, manacapuru, manasfi, manaus, mancio, mand, mandados, mandaguacu, mandaguari, manga, mangabeira, mangabeiras, mangaratiba, mangueirinha, manhuacu, manhumirim, manicore, manoel, mansa, mansur, mantena, manuel, mar, mara, maraa, maraba, maracacume, maracai, maracaju, maracanau, maracanau/ce, maracas, maragogi, maragogipe, maraial, maranguape, maranhao, marataizes, marau, marau/rs, maravilha, marcel, marcelandia, marcelino, marcelo, marchi, marcia, marcio, marcionilio, marco, marcolandia, marcolino, marcon, marcondes, marcos, marcos/rs, marcus, marechal, margarete, margareth, margarida, mari, maria, maria/rs, marialva, mariana, mariane, mariangela, mariano, marias, maribondo, marica, marilandia, marilene, marilia, marilza, marina, maringa, marinho, marins, mario, marise, marituba, marlene, marli, marmeleiro, maroja, maron, marques, marrone, marta, martin, martinez, martinho, martinopolis, martins, martius, maruim, mary, mascarenhas, masculino, massape, massaro, mata, matao, matelandia, materia, mateus, matheus, matias, matilde, matinha, matinhos, mato, matoes, matos, matozinhos, matriz, mattioli, mattos, matupa, maua, maues, mauricio, maurilandia, mauriti, mauro, maximo, may, maynard, mazagao, mazoni, mcp, me, mearim, mecchi, med, medeiros, mediacao, medianeira, medicas, medida, medidas, medina, meier, meio, meio/rs, meira, meireles, meirelles, meleiro, mello, melo, membro, memoria, mendes, mendonca, meneghelli, menezes, menores, merces, mercio, meriti, meruoca, mesquita, messias, metas, metodos, metrocamp, metropolitana, metzger, mg, michels, microempresas, microrregiao, miglioranza, migrada, miguel, miguelopolis, milagres, milano, militar, milton, mimosa, mimoso, minacu, minas, mineiros, ministra, ministro, mipibu, mirabete, miracatu, miracema, mirador, miradouro, mirai, miranda, mirandiba, mirandopolis, miranorte, mirante, mirassol, mirim, mirinzal, missao, missoes, missoes/rs, mista, misto, moacir, moacyr, mococa, modelo, modernizacao, modesto, mogi, mogol, moita, moji, mombaca, monaco, moncao, mondai, mongagua, monica, monitoramento, monlevade, monnerat, monsenhor, montalvania, montalvao, monte, monteiro, monteiro/pb, montenegro, montenegro/rs, montes, montividiu, mor, morada, moraes, morais, morales, morato, moreilandia, moreira, moreno, mori, moritz, morretes, morrinhos, morro, morros, morsello, mosqueiro, mossamedes, mossoro, mossoro/rn, mostardas/rs, mota, motta, moura, mourao, mousinho, moutinho, movel, movimentacao, mozarildo, mozarlandia, ms, mt, muana, mubarack, mucajai, mucambo, mucuge, mucuri, mulh, mulher, muller, multa, multas, multidisciplinar, multiprofissional, mulungu, mun, mundo, munic, municipais, municipal, municipio, muniz, muraro, muriae, murici, murilo, muritiba, murtinho, mussi, mutirao, mutiroes, mutran, mutuipe, mutum, muzambinho, na, nabuco, nacional, nada, nadac, nadja, nailde, nair, nantes, nanuque, nao, naor, napoleao, nara, narandiba, narbal, narciso, nardi, naroja, nascimento, nassau, natal, natal/rn, natercia, natividade, navegantes, naves, navio, navirai, nazare, nazareth, nazario, neder, negra, negrao, negrinho, negro, neiva, nelia, nelma, nelson, neopolis, nepomuceno, neraf, nerav, nereu, neropolis, nery, nestor, neto, netonio, netto, neumann, neves, newman, newton, ney, nhandeara, nicea, nicolau, nidia, nilo, nilopolis, nilson, nilton, nilza, nino, nioaque, nipo, niquelandia, nishi, nisia, niteroi, nivaldo, niwton, njm, no, nobre, nobrega, nobres, nogueira, nona, nonato, nono, nonoai/rs, norat, norberto, noronha, norte, norte/ce, norte/rs, nortelandia, nossa, noturno, nova, novaes, novais, novas, novo, novo/rs, novos, nucleo, nucleos, nugep, nugepnac, nunes, nupemec, nuporanga, nur, nuvimec, obidos, objetos, ocara, oceanica, ocidental, octavio, ocultacao, odessa, odete, oe, oeiras, oeste, oficiais, oficio, oge, ohlweiler, oiapoque, oitava, oitavo, oiticica, ojaf, ojeda, olavo, oldemar, olegario, olga, olho, olimpia, olimpio, olinda, olindina, oliva, oliveira, olivenca, olivia, omena, operacional, orcamento, ordem, orfaos, org, organizacao, organizacoes, organizado, orgao, orgaos, oriana, orientacao, oriente, originaria, originarios, oriundos, orizona, orlandia, orlando, orleans, orobo, oroco, oros, ortigueira, ortiz, ortolan, os, osasco, osmar, osni, osorio, osorio/rs, ostras, osvaldo, oswaldo, otacilio, otavio, otoni, ou, ouricuri, ourinhos, ouro, ouro/rs, ouroeste, outros, ouvidoria, oyama, p, pac, pacaembu, pacajus, pacaraima, pacatuba, pacheco, paciente, paco, pacoti, padilha, padre, padronizacao, padua, padula, paes, pagamento, pai, paicandu, paiva, palestina, palha, palhano, palheiro, palhoca, palma, palmar, palmar/rs, palmares, palmas, palmeira, palmeirais, palmeiras, palmeirina, palmeiropolis, palmital, palmitos, palotina, panambi/rs, pancas, pandolfo, panelas, panorama, pantoja, pao, paola, papanduva, para, paracambi, paracatu, paracuru, paragominas, paraguacu, paraiba, paraibano, paraibuna, paraipaba, paraiso, paraisopolis, paraitinga, parambu, paramirim, parana, parana/ro, paranacity, paranagua, paranaiba, paranaiguara, paranaita, paranapanema, paranatinga, paranavai, paranoa, paraopeba, paratinga, paraty, parauapebas, parauna, pardo, pardo/rs, parecis, parelhas, parelheiros, parente, parintins, paripiranga, pariquera, parnagua, parnaiba, parnamirim, parnarama, parobe/rs, part, partenon, partidaria, partidarias, partidarios, partidor, partidores, partidoria, partidos, partilha, parua, pasa, paschoal, pascoal, pasold, passa, passagem, passe, passira, passo, passos, passos/rs, pastana, pastora, pastos, pato, patos, patos/pb, patricia, patrimonial, patrocinio, patrulha/rs, patu, paty, pau, paudalho, pauini, paula, paula/rs, paulinia, paulino, paulista, paulistana, paulo, pavan, pavuna, paz, pe, peabiru, pecanha, pederneiras, pedra, pedralva, pedras, pedrasi, pedregulho, pedreira, pedreiras, pedrito/rs, pedro, pedrosa, pedroso, peixe, peixe/pb, peixoto, pela, pelegrini, peleja, pellegrini, pelotas, pelotas/rs, pen, pena, penais, penal, penalva, penapolis, penas, pendencias, penedo, penha, penna, pensionistas, penteado, pentecoste, pequeno, perdizes, perdoes, pereira, pereiro, peres, perez, pericias, pericles, periperi, permanente, permanentes, pernambuco, perola, perpetuo, peruffo, peruibe, pesqueira, pesquisa, pessanha, pessoa, pessoa/pb, pessoal, pessoal/pb, pessoas, pestana, pestana/rs, pet, peticoes, petrolandia, petrolina, petrolina/pe, petroni, petropolis, petropolis/rs, pfrimer, pg3, piacabucu, pianco, pianco/pb, piata, piaui, picarras, picos, picui, piedade, pilao, pilar, pilau, piloes, pimenta, pimentel, pindamonhangaba, pindare, pindobacu, pinhais, pinhal, pinhalzinho, pinhao, pinheiral, pinheirinho, pinheiro, pinheiros, pinho, pinto, pio, pippi, piquete, piquiri, piracaia, piracanjuba, piracicaba, piracuruca, pirai, piraju, pirajui, piranga, pirangi, piranhas, pirapetinga, pirapora, pirapozinho, piraquara, pirassununga, piratini/rs, piratininga, pirenopolis, pires, piripiri, piritiba, pirpirituba, piske, pitanga, pitangueiras, pitangui, pitas, pium, piuma, piumhi, pizarro, pj, pje, placha, placido, planaltina, planalto, planalto/rs, planejamento, plantao, plantonista, platina, plena, plenario, pleno, plinio, poa, pocao, pocinhos, poco, pocoes, pocone, pocos, pojuca, polegato, policia, policiais, politicas, politico, politicos, polo, pomba, pombal, pombos, pomerode, pompeia, pompeu, ponciano, ponta, pontal, pontalina, pontalinda, pontas, ponte, pontes, por, pora, porangaba, porangatu, porciuncula, porecatu, porfirio, portal, portalegre, portao/rs, portaria, porte, porteiras, porteirinha, portela, portela/rs, portes, porto, portugal, possas, posse, posto, potengi, potirendaba, poupatempo, pouso, povoas, poxoreo, pozza, pr, pracuuba, prado, prado/rs, prados, praia, prata, prata/rs, pratapolis, praticados, prazeres, pre, precatoria, precatorias, precatorio, precatorios, precedentes, predio, prefeitura, pres, presente, presidencia, presidencias, presidente, presidios, prestacao, prestes, preta, preto, pretor, pretora, previdenciaria, previdenciarias, previdenciario, primavera, primeira, primeiro, primeiro grau, primo, princesa, prisao, priscila, priscilla, priv, privada, privado, privativa, privativas, pro, proaf, proc, procedimento, procedimentos, processamento, processo, processos, processuais, processual, procon, procopio, proenca, proendividados, proger, program, programa, programas, progresso, proj, projeto, projetos, promissao, promocao, propaganda, propria, protasio, protecao, protetiva, protocolo, provimento, provisoria, provisorio, prudente, prudentopolis, psicologia, psicossocial, psiquiatricas, publ, publicacao, publicacoes, publicas, publico, publicos, puc, pucci, punidos, quadros, quarai/rs, quarta, quarto, quata, quatro, que, quebrangulo, quedas, queimadas, queimadas/pb, queimados, queiroga, queiroz, queixas, queluz, querencia, questoes, quilombo, quinta, quinto, quipapa, quirinopolis, quiteria, quitunde, quixada, quixeramobim, r, ra, rabelo, rachid, rada, rafael, raimunda, raimundo, raj, ramalho, ramina, ramires, ramon, ramos, ramos/rs, rancharia, rangel, raphael, raposo, raquel, raul, raupp, ravel, raymundo, real, real/quatis, realeza, rebello, rebelo, rebonatto, reboucas, rec, recanto, recebimento, recepcao, recesso, recife, recife/pe, recip, reclusao, recuperacao, recuperacoes, recursais, recursal, recursal/ce, recurso, recursos, redencao, redonda, redondo, reducao, refeicao, reforco, regeneracao, regente, regiane, regiao, regime, regina, regioes, regionais, regional, regis, registrador, registro, registropublico, registros, registrospublicos, rego, regularizacao, rei, reinaldo, reis, rejane, rel, relacionados, relacoes, relativos, relator, relatoria, remanso, remessa, remigio, remota, renan, renata, renato, renck, repercussao, repetitivas, repetitivos, requisicoes, reriutaba, resende, reserva, reservada, residual, resol, resolucao, resolucoes, resplendor, restaurativa, restinga, restritivas, resursal, retiro, retirolandia, reunida, reunidas, reves, revisao, revista, rezende, rf, riachao, riacho, rialma, ribamar, ribas, ribeira, ribeirao, ribeiro, ribeiro/rs, rica, ricardo, richinitti, rinaldi, rinaldo, rio, rios, rita, rita/pb, rj, rma, roberta, roberto, roberval, robson, rocha, rocha/pb, rocio, rodeio, roder, rodolfo, rodovalho, rodrigo, rodrigues, rogatoria, roger, rogerio, rohrig, rolandia, rolim, rollo, roman, romano, romao, romero, romeu, romi, romulo, ronaldo, ronda, rondon, rondonia, rondonopolis, ronnie, roque, roraima, rorainopolis, rosa, rosa/rs, rosado, rosana, rosane, rosario, rosas, rosaura, roseira, roseli, rosi, rosileide, rosilene, rosita, rossal, rossato, rossi, rotoli, roubo, roxa, roxo, rs, rubem, rubens, rubiataba, rubinger, rucker, rufino, rui, ruiz, russas, russo, ruth, ruy, s, sa, saad, sabara, sabinopolis, sabo, saboeiro, saboia, saboya, sabugi, sac, sacramento, sai, saire, saj, sakamoto, sala, saldanha, sales, salesopolis, salete, salgado, salgueiro, salim, salinas, salinopolis, salise, salles, saloa, salomao, salto, salvador, salvio, samambaia, samarda, samoel, sampaio, samuel, samy, sananduva/rs, sanches, sanchotene, sanclerlandia, sandoval, sandra, sandro, sanharo, sanseverino, sant, sant'ana, sant'anna, santa, santaluz, santana, santanna, santarem, santiago, santiago/rs, santini, santissima, santista, santo, santos, sao, sape, sapeacu, sapezal, sapiranga, sapiranga/rs, sapucai, sapucaia, saquarema, saraiva, sarandi, sarandi/rs, sardas, sarmento, sarrao, sartorato, sartorelli, saude, saulo, sc, scagliusi, scarabelim, schaefer, schilling, schmidt, schmitt, schmitz, schreiner, schuch, schwartz, schweitzer, scisinio, scorsafava, sdcm, sdcr, sdf, se, seabra, seara, sebastiao, sebasticao, seberi/rs, seca/rs, secao, secoes, secretaria, sede, sef, segunda, segundo, segundo grau, seguranca, seguro, seixas, selma, sem, sembongi, sena, senador, senges, senhor, senhora, sentenca, sentencas, sento, sepe/rs, sept, serafini, sereno, sergio, sergipe, serido, serly, seropedica, serpa, serra, serrada, serrana, serrano, serranopolis, serraria, serrinha, serrita, serro, sertania, sertanopolis, sertaozinho, serv, serventia, servico, servicos, sessao, sessoes, sete, setima, setor, sette, severino, sexta, sexto, sexual, sgp, shopping, siao, sidnei, sidney, sidrolandia, siedler, sifuentes, silene, silva, silvana, silvania, silvanio, silveira, silverio, silvestrin, silvia, silvianopolis, silvio, simao, simoes, simone, simplicio, sinop, siqueira, sirinhaem, sistema, sistemas, sitio, situacao, sj, sj/pe, sjac, sjam, sjap, sjba, sjdf, sjes, sjgo, sjma, sjmg, sjmt, sjpa, sjpi, sjrj, sjro, sjrr, sjto, smirne, soares, sobradinho, sobradinho/rs, sobral, sobral/ce, sobre, sobrinho, social, socialmente, socio, socioambiental, socioeducativ, socioeducativas, socioeducativo, socorro, sol, solanea, solange, soledade, soledade/rs, solonopole, solteira, solucao, solucoes, sombrio, sonia, soniria, sonora, soraya, sorocaba, sorriso, sotero, soturno/rs, soub, soure, sousa, sousa/pb, souto, souza, sp, spadoni, spengler, sreeo, ssj, stabile, stankiewicz, stella, stf, stf1, stf2, stf3, sti, stj, stj1, stj2, stn, suacui, sub, subsecao, subsecretaria, substituicao, substituto, substitutos, suc, sucesso, sucessoes, sucupira, sudario, sudeste, sudoeste, sueli, suely, sul, sul/rs, sumare, sumariante, sume, sumidouro, superendividamento, superior, superiores, supervisao, suplementar, suplementares, suplente, suporte, surubim, suter, suzana, suzano, suzeline, swain, sylvio, t, tabapora, tabapua, tabatinga, tabira, taboado, taboao, tabosa, tabuleiro, tacaimbo, tacaratu, taciba, tadeu, taguatinga, taguchi, tailandia, taio, taiobeiras, taipu, tais, talhada, talhada/pe, tamandare, tambau, tamboril, tamburini, tanabi, tanaka, tangara, tanhacu, tania, tanque, tapaua, tapejara/rs, tapera, tapera/rs, taperoa, tapes/rs, tapuio, tapurah, taquara, taquara/rs, taquaral, taquari, taquari/rs, taquaritinga, taquarituba, taquigrafia, tarauaca, tarcisio, tarde, targa, tarso, tartarugalzinho, tarumirim, tasso, tatuape, tatui, taua, taubate, tavares, taveira, tavernard, tavora, tec, tecnica, tecnico, tecnologia, tedesco, tefe, teixeira, teixeiras, tejucuoca, telecomunicacoes, telemaco, teles, telles, temp, tempo, temporaria, tenente, tenorio, teodoro, teofilandia, teofilo, teotonio, terapeutica, terceira, terceiro, terenos, teresa, teresina, teresinha, teresopolis, tereza, terezinha, termo, terra, test, testamentaria, teste, teutonia/rs, thadeu, thais, themis, theodoro, thereza, therezinha, thiago, thomas, thomaz, thome, tiago, tiangua, tibagi, tiete, tigre/rs, tijuca, tijucal, tijucas, timbauba, timbiras, timbo, timon, timoteo, tinto, tiros, titular, titularidade, titulo, titulos, tjdft, tjes, tjms, tjpb, tjpb/cesrei, tjpb/fesp, tjpb/iesp, tjpb/procon, tjpb/unipe, tjpe, tjpi, tobias, tocantinia, tocantinopolis, tocantins, tocantins/to, toledo, tomasi, tomazina, tombos, tome, tonussi, toque/rs, torcedor, toritama, torquato, torres, torres/rs, tossi, tostes, tourinho, touros, toxicos, tr/ce, tr/pb, tr/pe, tr/rn, trabalhista, trabalho, tracunhaem, trafico, traipu, trairi, trajano, tramandai/rs, tramitacao, transferencia, transito, transporte, tratamento, tre, tregnago, tremeia, tremembe, trevisan, trf, trf4, triagem, trib, tribunais, tribunal, tributaria, tributarios, trindade, tristao, tristeza, triunfo, triunfo/rs, trombudo, trs, trt, trt9, tru, tse, tubarao, tucano, tucunduva/rs, tucurui, tulio, tuntum, tupa, tupaciguara, tupancireta/rs, tuparetama, tupi, turelly, turiacu, turine, turma, turmalina, turmas, turvania, turvo, tut, tutelar, tutoia, tutoria, uaa, uaua, uba, ubaira, ubaitaba, ubajara, ubata, ubatuba, uberaba, uberlandia, ubirata, ubiratan, ucdb, uchoa, uespi, uirauna, ulbra, umarizal, umberto, umbuzeiro, umirim, umuarama, una, unai, unar, unesc, ung, uniao, unica, unicap, unicastelo, unico, unid, unidade, unifap, unificada, unificadas, unificado, uniformizacao, unime, unimep, uninassau, unip, unirn, unisal, unisaomiguel, universitario, upanema, upe, upj, urai, urandi, urania, urbano, urca, urgentes, uruacu, uruana, urubici, uruburetama, urucara, urucuca, urucui, uruguaiana, uruguaiana/rs, uruoca, urupes, urussanga, uso, usuarios, uteis, utinga, vacaria, vacaria/rs, vaga, vago, valadao, valadares, valdeci, valdecir, valdevir, valdir, vale, valenca, valente, valentim, valentim/rs, valentini, valentino, valeria, valerio, valinhos, valle, valmir, valor, valores, valparaiso, valverde, van, vanderlei, vandre, vanessa, vani, vania, vanise, vanja, vanzela, vara, varas, varella, vargas, vargas/rs, vargem, varginha, varjao, varjota, varre, varzea, vasconcellos, vasconcelos, vasques, vassouras, vaz, vazante, veiculos, veiga, velha, velha/rs, velho, velho/ro, veloso, venancio, venceslau, venda, venecia, venturosa, vep, vepema, vera, veranopolis/rs, verde, verdejante, vermelha/rs, vermelho, vertentes, vespasiano, vi, viagem, viamao, viamao/rs, viana, vianna, vianopolis, vice corregedoria, vice presidencia, vice presidente, vicencia, vicente, vicosa, victor, vida, vidal, videira, video, videoconferencia, vidigal, viegas, vieira, viero, vii, vii], viii, vij, vila, vilande, vilela, vilella, vilhena, villa, villani, villarinho, villas, villela, vilma, vilson, vinculada, vinhedo, vinicius, viol, violencia, viradouro, virgilio, virginia, virginio, virginopolis, virtuais, virtual, visconde, vista, viterbo, vitimas, vitor, vitoria, vitorino, vitorio, vivacqua, viveiros, vivian, viviane, vivida, vizinhos, vladimir, volante, volcir, volnei, volpato, volta, von, votorantim, votuporanga, vulneraveis, wagner, walace, waldemar, waldemir, waldir, waldirene, walmir, walter, wanda, wanderlandia, wanderley, wanner, washington, weber, wellington, wenceslau, werlang, westphalen, westphalen/rs, william, willian, willy, wilson, wilton, wolff, wolfgang, wust, x, xambioa, xambioa/to, xambre, xanxere, xapuri, xavantina, xavier, xavier/rs, xaxim, xi, xii, xii], xiii, ximenes, xingu, xinguara, xique, xisto, xiv, xv, xvi, xvii, xviii, xx, xxi, xxiii, xxix, xxv, xxvi, xxvii, yale, zacarias, zahlouth, zanardi, zanella, ze, zeni, zero, zilles, zoldan, zona, zonas, zuila, zuquim, zz, °, ¿